STATUS,ROLE,ITEM VERIFICADO,FLUXO ESPERADO (CSV),IMPLEMENTADO NO CÓDIGO,STATUS DIVERGÊNCIA,OBSERVAÇÃO
NEW,company / teacher+admin+sudo,Separação de role no modo NEW,O CSV define mensagens diferentes para company vs teacher+admin+sudo no status NEW,O código usa mode=new sem distinção de role — retorna a mesma mensagem para todos os roles,⚠️ DIVERGÊNCIA,"No CSV a linha 2 é para company e a linha 3 é para teacher/admin/sudo com a mesma mensagem. O código não diferencia roles em mode=new. Na prática o comportamento é o mesmo, mas não existe verificação explícita de role."
NEW,teacher / admin / sudo,Status salvo ao criar,Deve salvar como DRAFT_BY_TEACHER,Linha 684-686: se role for teacher/admin/sudo → salva como DRAFT_BY_TEACHER,✅ OK,Correto
NEW,company,Status salvo ao criar,Deve salvar como DRAFT,Linha 686: caso contrário (company) → salva como DRAFT,✅ OK,Correto
DRAFT_BY_TEACHER,company,Mensagem exibida,O TCE encontra-se em edição. Preencha os dados e clique em Atualizar Estágio. Depois clique em Enviar para o professor avaliar.,"Código linhas 65-68: mensagem equivalente, porém dividida em parágrafos separados",✅ OK,Texto equivalente ao CSV
DRAFT_BY_TEACHER,company,Formulário editável,TRUE,config.readonly = false,✅ OK,Correto
DRAFT_BY_TEACHER,company,Botões ativos,"Atualizar Estágio, Enviar para Avaliar, Gerar PDF","canSave=true, canSubmitForApproval=true, canPDF=true",✅ OK,Correto
DRAFT_BY_TEACHER,teacher+admin+sudo,Mensagem exibida,Professor o TCE está em modo de edição. Copie o link da barra de endereços e envie-o à empresa para preenchimento.,"Código linhas 57-59: mensagem equivalente, dividida em 2 parágrafos",✅ OK,Texto equivalente ao CSV
DRAFT_BY_TEACHER,teacher+admin+sudo,Formulário editável,TRUE,config.readonly = false,✅ OK,Correto
DRAFT_BY_TEACHER,teacher+admin+sudo,Botões ativos,"Atualizar Estágio, Gerar PDF","canSave=true, canPDF=true — SEM canSubmitForApproval",✅ OK,Correto
DRAFT,company,Mensagem exibida,"O TCE encontra-se em edição. Preencha os dados, clique em Atualizar Estágio. Depois clique em Enviar para o professor avaliar.","Código linhas 87-90: mensagem equivalente, mas há um bug de HTML — </p> deveria ser </p> na linha 88",⚠️ BUG MENOR,"Linha 88 do código: <p ...>Preencha...<p> — tag de fechamento incorreta (<p> em vez de </p>). Não afeta funcionalidade mas é HTML inválido."
DRAFT,company,Formulário editável,TRUE,config.readonly = false,✅ OK,Correto
DRAFT,company,Botões ativos,"Atualizar Estágio, Enviar para Avaliar, Gerar PDF","canSave=true, canSubmitForApproval=true, canPDF=true",✅ OK,Correto
DRAFT,teacher+admin+sudo,Mensagem exibida,"Professor este TCE sendo editado pela empresa e posterior envio para avaliação. Caso esteja fora do prazo, verifique a situação. Se necessário altere o status para Iniciado ou Finalizado.","Código linhas 78-81: mensagem equivalente ao CSV",✅ OK,Correto
DRAFT,teacher+admin+sudo,Formulário editável,TRUE,config.readonly = false,✅ OK,Correto
DRAFT,teacher+admin+sudo,Botões ativos,"Atualizar Estágio, Alterar status para Iniciado, Alterar status para Finalizado, Gerar PDF","canSave=true, canStart=true, canFinish=true, canPDF=true",✅ OK,Correto
WAITING_APPROVAL,company,Mensagem exibida,O TCE foi enviado para aprovação do professor. Aguarde a avaliação.,"Código linhas 104-107: mensagem equivalente",✅ OK,Correto
WAITING_APPROVAL,company,Formulário editável,FALSE,readonly não é setado como false (permanece true por padrão),✅ OK,Correto
WAITING_APPROVAL,company,Botões ativos,Nenhum,canPDF=false (não setado) — nenhum botão visível,✅ OK,Correto — nenhum botão exibido
WAITING_APPROVAL,teacher+admin+sudo,Mensagem exibida,"Professor o TCE aguarda sua aprovação. Revise as informações e clique em Aprovar ou Devolver.","Código linhas 100-102: mensagem equivalente",✅ OK,Correto
WAITING_APPROVAL,teacher+admin+sudo,Formulário editável,TRUE,config.readonly = false,✅ OK,Correto
WAITING_APPROVAL,teacher+admin+sudo,Botões ativos,"Atualizar Estágio, Aprovar Estágio, Devolver, Gerar PDF","canSave=true, canApprove=true, canReject=true, canPDF=true",✅ OK,Correto
REVISION_REQUESTED,company,Mensagem exibida,"O TCE foi devolvido para correção. Realize os ajustes e clique em Atualizar Estágio e envie para o professor avaliar.","Código linhas 126-128: mensagem equivalente",✅ OK,Correto
REVISION_REQUESTED,company,Formulário editável,TRUE,config.readonly = false,✅ OK,Correto
REVISION_REQUESTED,company,Botões ativos,"Atualizar Estágio, Enviar para Avaliar, Gerar PDF","canSave=true, canSubmitForApproval=true, canPDF=true",✅ OK,Correto
REVISION_REQUESTED,teacher+admin+sudo,Mensagem exibida,"Foi solicitada revisão deste TCE. Aguarde o reenvio. Caso esteja fora do prazo verifique. Se necessário altere o status para Iniciado ou Finalizado.","Código linhas 117-120: mensagem equivalente",✅ OK,Correto
REVISION_REQUESTED,teacher+admin+sudo,Formulário editável,TRUE,config.readonly = false,✅ OK,Correto
REVISION_REQUESTED,teacher+admin+sudo,Botões ativos,"Atualizar Estágio, Alterar status para Iniciado, Alterar status para Finalizado, Gerar PDF","canSave=true, canStart=true, canFinish=true, canPDF=true",✅ OK,Correto
APPROVED,company,Mensagem exibida,O TCE foi aprovado. Agora é possível gerar o documento oficial do estágio.,"Código linhas 141-144: mensagem equivalente",✅ OK,Correto
APPROVED,company,Formulário editável,FALSE,config não seta readonly=false → permanece true (readonly),✅ OK,Correto
APPROVED,company,Botões ativos,Gerar PDF,canPDF=true (herdado do bloco externo linha 131),✅ OK,Correto
APPROVED,teacher+admin+sudo,Mensagem exibida,"O TCE foi aprovado com sucesso. O estágio pode ser iniciado. Se necessário altere o status para Iniciado ou Finalizado.","Código linhas 137-139: mensagem equivalente",✅ OK,Correto
APPROVED,teacher+admin+sudo,Formulário editável,FALSE,config.readonly = true,✅ OK,Correto
APPROVED,teacher+admin+sudo,Botões ativos,"Gerar PDF, Alterar status para Iniciado, Alterar status para Finalizado","canStart=true, canFinish=true, canPDF=true",✅ OK,Correto
STARTED,company,Mensagem exibida,O estágio encontra-se em andamento.,"Código linha 157: mensagem equivalente",✅ OK,Correto
STARTED,company,Formulário editável,FALSE,config não seta readonly=false → permanece true,✅ OK,Correto
STARTED,company,Botões ativos,Gerar PDF,canPDF=true (linha 147),✅ OK,Correto
STARTED,teacher+admin+sudo,Mensagem exibida,"O estágio foi iniciado. Acompanhe as atividades. Se necessário altere o status para Finalizado.","Código linhas 152-154: mensagem equivalente",✅ OK,Correto
STARTED,teacher+admin+sudo,Formulário editável,FALSE,config.readonly = true,✅ OK,Correto
STARTED,teacher+admin+sudo,Botões ativos,"Gerar PDF, Alterar status para Finalizado","canFinish=true, canPDF=true",✅ OK,Correto
FINISHED,company,Mensagem exibida,O estágio foi finalizado.,"Código linha 163: usa expressão ternária — isProf=false → 'finalizado'",✅ OK,Correto
FINISHED,company,Formulário editável,FALSE,readonly permanece true (não alterado),✅ OK,Correto
FINISHED,company,Botões ativos,Gerar PDF,canPDF=true (linha 161),✅ OK,Correto
FINISHED,teacher+admin+sudo,Mensagem exibida,O estágio foi concluído com sucesso.,"Código linha 163: isProf=true → 'concluído com sucesso'",✅ OK,Correto
FINISHED,teacher+admin+sudo,Formulário editável,FALSE,readonly permanece true,✅ OK,Correto
FINISHED,teacher+admin+sudo,Botões ativos,Gerar PDF,canPDF=true,✅ OK,Correto
ARCHIVED,company,Mensagem exibida,Este TCE foi arquivado e não pode mais ser editado.,"Código linha 168: isProf=false → 'e não pode mais ser editado'",✅ OK,Correto
ARCHIVED,company,Formulário editável,FALSE,readonly permanece true,✅ OK,Correto
ARCHIVED,company,Botões ativos,Gerar PDF,canPDF=true (linha 166),✅ OK,Correto
ARCHIVED,teacher+admin+sudo,Mensagem exibida,O TCE foi arquivado para registro institucional.,"Código linha 168: isProf=true → 'para registro institucional'",✅ OK,Correto
ARCHIVED,teacher+admin+sudo,Formulário editável,FALSE,readonly permanece true,✅ OK,Correto
ARCHIVED,teacher+admin+sudo,Botões ativos,Gerar PDF,canPDF=true,✅ OK,Correto
(TODOS OS ESTADOS),company,Botão Enviar para Avaliar — visibilidade extra,Só deve aparecer para company,"Linha 1298: condição pageConfig.canSubmitForApproval && pageData.user_role === 'company'",✅ OK,A proteção de role na renderização do botão está correta
(TODOS OS ESTADOS),teacher+admin+sudo,Label do botão Iniciar,CSV: ""Alterar status para Iniciado"",Código linha 1357: ""Alterar status para Estagiando"",⚠️ DIVERGÊNCIA DE LABEL,"O botão exibe 'Estagiando' mas o CSV especifica 'Iniciado'. O status interno salvo é STARTED (correto), mas o texto do botão difere do especificado."
